price,bedrooms,bathrooms,pets,furnished,address,latitude,longitude,date,roommate,utilities
900,0,1,0,1,423 Boleskine rd Victoria BC CA,48.452453,-123.380219,2018-02-20 19:17,0,0
1175,0,1,0,0,1201-1279 Grant St Victoria BC CA,48.428905,-123.348609,2018-02-08 23:02,0,1
1275,0,1,1,0,2512 Douglas Street Victoria BC CA,48.436203,-123.365906,2018-02-13 22:37,0,1
1500,2,1,1,0,Savannah Avenue at Cloverdale Avenue Saanich BC CA,48.454506,-123.362619,2018-02-04 19:27,0,1
4200,2,1,1,0,2707 Estevan Ave Victoria BC CA,48.436033,-123.303819,2018-01-08 22:20,0,1
850,2,1,0,1,1030 Government Street Duncan BC CA,48.787,-123.718777,2018-01-30 21:31,0,0
1800,2,1,1,0,"Old East Rd & Tanner Rd, Victoria, BC",48.554088,-123.389997,2018-01-20 19:22,0,1
1450,1,1,1,0,"Falaise Crescent & Royal Oak Dr, Victoria, BC",48.498208,-123.379905,2018-01-03 14:49,0,1
950,1,1,0,0,Osgoode Pl Victoria BC CA,48.473275,-123.32302,2017-12-08 5:18,0,1
1200,1,1,0,0,Duchess Street Victoria BC CA,48.429629,-123.32776,2018-01-06 18:59,0,1
1400,1,0,0,1,2520 Aleaxander Duncan BC BC CA,48.781088,-123.695161,2017-12-19 22:35,0,1
1450,1,1,1,0,Nelthorpe St at Lakeview Victoria BC CA,48.47102,-123.373724,2018-01-06 20:46,1,1
1400,2,1,0,0,,,,2018-01-06 21:20,0,1
1400,0,0,0,0,,,,2018-01-07 1:30,1,1
5500,4,4,1,0,3115-3155 Beach Dr Victoria BC CA,48.44359,-123.293585,2018-01-07 5:56,0,1
1495,4,1.5,0,0,,,,2018-01-07 14:04,1,1
1175,1,1,0,1,605 Rachel Anne Place Victoria BC CA,48.468547,-123.385452,2018-01-07 18:06,1,1
2200,0,0,1,0,Quincy St Victoria BC CA,48.46602,-123.425054,2017-12-10 19:58,0,1
750,1,0,0,1,4511-4571 Bissenden Pl Victoria BC CA,48.491436,-123.324055,2018-01-07 18:18,1,0
1900,3,1,1,0,374 Gorge Rd W Victoria BC CA,48.448675,-123.403587,2018-01-07 22:18,1,1
1100,1,1,0,0,Rockland Avenue at Moss Street Victoria BC CA,48.420983,-123.347515,2017-12-09 0:48,1,1
2250,3,1,1,0,Sooke rd at westshore parkway langford BC CA,48.42583,-123.547563,2018-01-07 23:56,1,1
2500,3,2,1,0,Cedar Hill Rd Victoria BC CA,48.463403,-123.336726,2018-01-08 7:11,1,1
885,1,1,0,1,"330 Cotlow Rd, Victoria BC BC CA",48.415272,-123.485283,2018-01-08 10:20,1,0
3151,2,2,1,0,Anson Cres Victoria BC CA,48.419062,-123.404446,2017-12-17 16:54,1,1
1100,0,1,0,1,456 BC-1A Victoria BC,48.440927,-123.374161,2017-12-11 21:28,1,1
1300,1,1,0,1,,,,2018-01-05 4:34,0,1
2900,1,1,1,0,,,,2017-12-13 2:55,1,1
3000,3,2,1,0,645 Towner Park North Saanich BC CA,48.669101,-123.471968,2018-01-08 22:14,1,1
1400,2,1,0,1,303-329 Vncouver St Victoria BC CA,48.414057,-123.359397,2018-01-10 9:55,1,1
1275,1,1,0,1,624-602 Trutch St Victoria BC CA,48.418724,-123.353167,2018-01-10 10:09,1,1
1725,2,1,0,0,3714 Blenkinsop Rd Victoria BC CA,48.461181,-123.35054,2018-01-10 17:33,1,1
1700,2,2,1,0,1156 Colville Rd Victoria BC CA,48.438984,-123.409294,2018-01-10 20:17,1,1
1650,1,1,0,1,101 Island Hwy Victoria BC CA,48.451044,-123.423625,2018-01-08 17:56,1,1
1300,1,1,0,1,2 Field St Victoria BC CA,48.434799,-123.364632,2018-01-07 5:04,0,1
1900,2,1,0,1,Lincoln at Burdick Victoria BC CA,48.438478,-123.303554,2018-01-11 1:13,1,1
2500,3,3,1,1,245-205 Wilson St Victoria BC CA,48.432868,-123.384537,2018-01-08 21:34,1,0
1850,3,0,0,0,1020-1004 Catherine St Victoria BC CA,48.436405,-123.384833,2017-12-13 2:56,1,0
1900,1,1,1,0,1145 MEARES Victoria BC CA,48.422475,-123.351934,2018-01-11 14:51,0,1
1700,1,1,0,0,1145 Meares Street Victoria BC CA,48.422475,-123.351934,2018-01-11 14:51,0,1
1850,2,1,1,0,Douglas at Dallas Victoria BC CA,48.408801,-123.369262,2018-01-11 17:15,0,1
900,1,1,0,0,Sannich Rd Victoria BC CA,48.455879,-123.37026,2018-01-11 18:08,0,1
1500,2,1,0,0,830 Pembroke St Victoria BC CA,48.432531,-123.360107,2018-01-11 22:24,0,1
1575,1,1,0,0,143 Government Street Victoria BC CA,48.413,-123.370582,2017-12-13 17:51,0,1
480,1,0,0,1,791 Pandora Avenue Victoria BC CA,48.427596,-123.362012,2017-12-13 16:42,0,0
1600,2,1,0,0,,,,2018-01-12 0:13,0,1
1500,2,1,1,0,OLYMPIA at DALLAS VICTORIA BC CA,48.40903,-123.370874,2018-01-12 1:17,0,1
1600,2,1,0,0,4961 Georgia Park Terrace,48.51474,-123.370895,2017-12-17 2:15,0,1
1000,1,1,0,1,#304 Victoria BC CA,48.454324,-123.375014,2018-01-12 5:34,0,1
1500,3,1,1,1,Thomson Terrace Duncan BC CA,48.794994,-123.640569,2018-01-12 11:14,0,1
2100,1,1,1,0,1145 Meares Street Victoria BC CA,48.422468,-123.351869,2018-01-12 15:27,0,1
1900,1,1,0,1,1146 Meares Street Victoria BC CA,48.422468,-123.351869,2018-01-12 15:27,1,1
1575,2,1,0,0,3252 Glasgow Ave Victoria BC CA,48.450613,-123.363632,2018-01-03 5:46,1,1
1900,3,1.5,0,1,381-349 Kislingbury Ln Victoria BC CA,48.460099,-123.44725,2018-01-12 19:25,1,0
1700,2,2,0,0,west coast road sooke BC CA,48.372114,-123.749802,2018-01-12 19:26,0,1
900,2,1,0,0,3280-3258 Sherman Rd Duncan BC CA,48.792018,-123.734898,2018-01-09 18:48,1,1
1600,1,1,0,0,1176-1142 Fort St Victoria BC CA,48.423078,-123.351188,2017-12-31 13:33,1,1
1500,0,0,0,0,2050-2038 Brethourpark Way Sidney BC CA,48.642414,-123.41453,2018-01-13 18:33,1,1
2200,3,3,1,1,540 Marsett Pl Victoria BC CA,48.505339,-123.391399,2018-01-13 18:42,1,1
1100,0,0,0,0,,,,2018-01-13 19:04,1,1
1600,1,1,0,0,620 Toronto Street Victoria BC CA,48.416238,-123.367783,2018-01-13 19:09,1,1
2300,3,1,1,1,Sooke rd langford BC CA,48.435818,-123.489065,2018-01-13 21:20,1,0
2500,4,2,1,1,Pine Victoria BC CA,48.43675,-123.390471,2018-01-14 0:02,1,0
1350,2,1,0,0,74 Villance St Victoria BC CA,48.447773,-123.364812,2018-01-14 5:27,1,1
2500,2,2,1,0,Robertson victoria BC CA,48.412192,-123.331639,2018-01-14 6:41,0,1
1700,1,1,0,0,1145 MEARES Victoria BC CA,48.422461,-123.351901,2018-01-14 16:34,0,1
2900,4,1.5,1,0,3997-4151 San Mateo Pl Victoria BC CA,48.478391,-123.316426,2018-01-14 18:13,0,1
1195,1,1,0,0,4077 Tuxedo drive Victoria BC CA,48.473786,-123.369473,2018-01-14 20:57,0,1
1000,1,1,0,1,Michigan at Oswego Victoria BC CA,48.418894,-123.377059,2018-01-03 21:21,0,1
1650,0,1,1,0,301 Beaumont Ave Victoria BC CA,48.452567,-123.439906,2018-01-15 3:07,0,1
1500,2,1,0,0,1272-1284 Mysty Woods Victoria BC CA,48.505119,-123.35459,2017-12-27 19:28,0,1
1500,2,1,0,0,2123-2157 Bradford Ave Sidney BC CA,48.656155,-123.411476,2018-01-15 6:17,0,1
875,1,1,0,1,2739 W Shawnigan Lake Rd Shawnigan Lake BC CA,48.6535,-123.668759,2018-01-12 4:20,0,0
1500,2,1,0,0,Goldstone Heights Victoria BC CA,48.452196,-123.475036,2018-01-15 18:52,0,0
1700,1,1,1,0,Wharf at Fort Victoria BC CA,48.425105,-123.369786,2018-01-15 18:54,0,1
1300,1,1,0,0,759 YATES STREET Victoria BC CA,48.425911,-123.362618,2018-01-15 19:22,0,1
1300,1,1,0,0,2 Field St Victoria BC CA,48.434799,-123.364632,2018-01-11 0:18,0,1
1350,2,1,0,0,2330 Cook Street Victoria BC CA,48.43424,-123.352775,2017-12-18 21:22,0,1
2700,3,2,0,0,1443 Tolmie Ave,48.450185,-123.34886,2018-01-15 23:01,0,1
2375,3,1,1,0,1641-1655 Chambers St Victoria BC CA,48.427711,-123.350307,2018-01-16 0:10,0,1
1600,2,1,0,0,,,,2018-01-16 0:52,0,1
1360,1,1,0,0,536-506 Vancouver St Victoria BC CA,48.417238,-123.358653,2018-01-13 17:26,0,1
1200,1,1,0,1,,,,2017-12-19 22:44,0,0
1200,1,1,0,1,,,,2018-01-16 2:45,0,1
2300,3,2,1,0,1338 Stelly's X Rd Saanich BC CA,48.580053,-123.442572,2017-12-18 17:02,0,1
1100,2,1,0,1,Grant Road Sooke BC CA,48.38317,-123.716816,2018-01-16 17:59,0,1
1900,2,1,1,0,,,,2018-01-16 20:03,0,1
1495,2,1,0,0,4019-4037 Quadra St Victoria BC CA,48.471368,-123.366794,2018-01-08 22:50,0,1
1800,2,1,0,0,709 Massie Rd Victoria BC CA,48.449361,-123.496449,2018-01-16 21:43,0,1
1000,1,1,1,0,405 Catherine St Victoria BC CA,48.430641,-123.38418,2018-01-16 22:58,0,1
1350,2,1,0,0,841 Esquimalt Road Victoria BC CA,48.431587,-123.397446,2018-01-16 23:08,0,0
1000,1,1,0,0,841 Esquimalt Road Victoria BC CA,48.431587,-123.397446,2018-01-16 23:10,0,0
1000,1,1,0,0,804 Esquimalt Road Victoria BC CA,48.432374,-123.395092,2018-01-16 23:15,0,1
1800,2,1,0,0,1115 Goldstream Ave Victoria BC CA,48.449166,-123.519579,2018-01-17 3:31,0,1
1700,2,1,0,0,325 Victoria BC CA,,,2018-01-17 5:43,0,1
2500,3,2,0,0,1608 Ash Rd Victoria BC CA,48.49246,-123.327899,2018-01-17 8:18,0,1
1800,2,1,1,0,3422 Harriet Victoria BC CA,48.453843,-123.381868,2018-01-17 9:13,0,1
1450,3,2.5,0,0,,,,2018-01-11 17:35,0,1
800,0,0,0,0,2687 James St Duncan BC CA,48.7829,-123.7027,2018-01-17 17:05,0,1
1495,2,1,0,1,1350 Stanley Ave Victoria BC CA,48.425476,-123.342761,2018-01-17 17:37,0,1
1495,2,1,0,1,1311-1373 Stanley Ave Victoria BC CA,48.425412,-123.342536,2018-01-17 18:27,0,1
4700,5,2,1,0,Nottingham Rd. Victoria BC CA,48.442975,-123.308515,2018-01-18 5:02,0,1
1600,0,0,0,0,898 Tattersall Dr Victoria BC CA,48.456476,-123.368571,2018-01-18 7:49,0,1
850,0,1,0,0,2499 Beacon Ave Sidney BC CA,48.648794,-123.396618,2018-01-18 9:10,0,0
2000,2,1,1,0,Springridge Crescent Victoria BC CA,48.482266,-123.399451,2018-01-12 5:41,0,1
1580,1,1,0,0,425 Simcoe Street Victoria BC CA,48.4156,-123.375416,2018-01-18 18:36,0,1
1935,1,1.5,1,1,426 Simcoe Street Victoria BC CA,48.4156,-123.375416,2018-01-18 19:04,0,0
1100,1,1,0,0,2185-2207 James White Blvd Sidney BC CA,48.651501,-123.407343,2018-01-18 22:36,0,1
1995,3,2,0,1,washington at burnside victoria BC CA,48.446939,-123.379666,2018-01-18 23:00,0,1
2350,1,1,1,0,379 Tyee Rd Victoria BC CA,48.431188,-123.37828,2018-01-19 2:24,0,1
2150,0,0,1,0,1315 Waddington Alley #102 Victoria BC CA,48.427202,-123.369211,2018-01-08 3:30,0,1
790,1,1,0,1,1980 Argyle Ave Victoria BC CA,48.448492,-123.321921,2018-01-19 3:54,0,1
950,1,1,0,1,2770-2700 Scott St Victoria BC CA,48.438139,-123.334914,2018-01-19 5:47,0,1
2300,3,0,1,0,1331 Finlayson St Victoria BC CA,48.447394,-123.351445,2018-01-19 5:50,0,0
2800,2,1,0,0,877-977 Byng St Victoria BC CA,48.419996,-123.30611,2018-01-19 17:01,0,1
1600,2,1,0,0,,,,2018-01-19 17:33,0,1
1965,2,1,0,0,2174 Amelia Ave Sidney BC CA,48.658991,-123.409242,2018-01-19 17:57,0,1
850,0,0,0,1,1349 Grant Street Victoria BC CA,48.428529,-123.343283,2018-01-05 2:57,0,0
2300,3,2,0,0,Cedar Hill Rd Victoria BC CA,48.463332,-123.33678,2018-01-20 6:40,0,1
1000,1,1,0,0,,,,2018-01-20 16:04,0,1
1500,2,1,1,0,2134 Bradford ave Sidney BC CA,48.656378,-123.411268,2018-01-20 17:53,0,1
1500,2,1,0,0,Goldstone Heights Victoria BC CA,48.452196,-123.475036,2018-01-20 20:05,0,1
1200,0,0,0,0,425-475 Simcoe St Victoria BC CA,48.415953,-123.375163,2018-01-20 21:25,0,1
2350,2,1.5,1,0,1301-1311 Rockland Ave Victoria BC CA,48.420805,-123.34729,2018-01-20 22:06,0,1
1600,2,2,0,0,3547 Richmond Road Victoria BC CA,48.455625,-123.327615,2018-01-21 2:55,0,1
1450,1,1,0,0,623 Treanor Ave Langford BC BC CA,48.464575,-123.497395,2017-12-23 16:43,0,1
1500,2,1,0,0,3920-3910 Cherrilee Crescent Victoria BC CA,48.461682,-123.29248,2018-01-21 14:08,0,1
1650,0,0,0,0,Sanich British Columbia CA,48.4777,-123.3658,2018-01-21 20:18,0,1
1800,2,1,1,0,333-305 Sabina Pl Victoria BC CA,48.46663,-123.490256,2018-01-16 4:38,0,1
1100,1,1,0,0,2081 Solent Rd N Sooke BC CA,48.481422,-123.715858,2018-01-21 23:58,0,1
1600,2,1,0,0,3631-3651 Bridgeport Dr Victoria BC CA,48.459375,-123.352898,2018-01-22 0:10,0,0
2350,2,2,1,0,Suffolk Street Victoria BC CA,48.431834,-123.391801,2018-01-22 2:40,0,1
790,0,1,0,1,Sutlej st at Cook st Victoria BC CA,48.414612,-123.356521,2018-01-22 4:37,0,1
2000,1,1,0,0,741 Johnson St Victoria BC CA,48.426887,-123.361966,2018-01-22 5:02,0,1
2250,3,1,1,0,650 Head street Victoria BC CA,48.43239,-123.402746,2018-01-22 5:39,0,1
1225,1,1,0,0,960 Inverness Rd Victoria BC CA,48.452641,-123.363961,2018-01-22 15:18,0,1
1125,1,1,0,0,,,,2018-01-05 5:02,0,1
2000,2,2,0,0,211 Robertson St Victoria BC CA,48.412047,-123.331556,2018-01-22 18:53,0,0
2050,3,1,1,0,3863 Epsom Dr Victoria BC CA,48.464745,-123.344101,2018-01-22 19:53,0,1
1100,1,1,0,1,"7088 Wallace Drive, Brentwood Bay, BC V8M 1P4, Canada Brentwood Bay BC CA",48.576043,-123.434754,2018-01-22 20:01,0,1
1300,0,0,0,0,Admirals Victoria BC CA,48.437097,-123.418268,2018-01-19 20:33,0,1
1300,2,1,0,0,3235-3245 Admirals Rd Victoria BC CA,48.459668,-123.403044,2018-01-22 20:58,0,0
1100,1,1,0,0,"7088 Wallace Drive, Brentwood Bay, BC V8M 1P4, Canada Brentwood Bay BC CA",48.5761,-123.434764,2018-01-22 21:51,0,0
3300,2,2,0,0,741 Johnson St Victoria BC CA,48.426887,-123.361966,2018-01-22 22:25,0,0
4500,3,2,0,0,740-730 Tyee Rd Victoria BC CA,48.435674,-123.382201,2018-01-22 22:28,0,0
2550,1,1,0,1,741 Johnson St Victoria BC CA,48.426887,-123.361966,2018-01-22 22:30,0,1
2550,1,1,0,1,742 Johnson St Victoria BC CA,48.426887,-123.361966,2018-01-22 22:32,0,1
3300,2,2,1,0,1107-760 Johnson St Victoria BC CA,48.426853,-123.361838,2018-01-22 22:33,0,1
3300,2,1,0,0,502 760 Johnson St Victoria BC CA,48.427022,-123.362474,2018-01-22 22:33,0,1
3180,2,1,1,0,1107-760 Johnson St Victoria BC CA,48.426881,-123.361849,2018-01-22 22:34,0,1
1375,1,1,0,0,Juan de Fuca BC CA,48.393393,-123.769312,2018-01-23 0:44,0,1
1400,2,1,0,0,803-823 Mann Ave Victoria BC CA,48.487532,-123.3915,2018-01-23 0:59,0,1
1500,2,1,1,0,Thomson Terrace Duncan BC CA,48.794663,-123.640918,2018-01-23 2:26,0,1
1150,0,0,0,0,Agnes Street at Raymond Street North Saanich BC CA,48.471892,-123.393556,2018-01-13 21:27,0,0
900,0,1,0,1,456 BC-1A Victoria BC,48.440927,-123.374161,2018-01-23 2:43,0,1
1100,0,1,0,0,Gorge Road East Victoria BC CA,48.442332,-123.377921,2018-01-23 2:45,0,1
1800,3,1,0,0,1288-1272 Centre Rd Victoria BC CA,48.431934,-123.345394,2018-01-23 3:36,0,1
1100,1,1,1,0,,,,2018-01-23 4:26,0,1
700,1,1,0,1,897 Admirals Rd Victoria BC CA,48.439302,-123.424079,2018-01-23 5:32,0,0
1700,2,1,0,0,Southbound Henderson at Kendal Oak Bay BC CA,48.45247,-123.315483,2018-01-08 19:32,0,1
2700,3,1,1,0,3423-3457 Henderson Rd Victoria BC CA,48.452989,-123.315269,2017-12-30 17:06,0,1
1395,1,1,0,0,728 YATES STREET Victoria BC CA,48.426453,-123.363136,2018-01-23 17:22,0,1
1350,1,1,0,0,2751 Shelbourne St Victoria BC CA,48.439507,-123.333223,2017-12-29 17:36,0,1
1950,1,1,0,0,"2358 Esplanade, Victoria BC CA",48.434682,-123.303349,2017-12-29 17:40,0,1
1795,2,1,0,0,7878 E Saanich Rd Saanichton BC CA,48.596339,-123.41754,2017-12-27 21:21,0,1
825,0,0,0,1,759 Yates St Victoria BC CA,48.425798,-123.362818,2018-01-23 21:00,0,1
3250,2,2,1,0,Arbutus Pl Victoria BC CA,48.458295,-123.278961,2018-01-23 21:33,0,1
925,1,1,0,0,1035 North Park Street Victoria BC CA,48.429441,-123.353686,2018-01-10 20:21,0,1
1600,2,1,0,0,,,,2018-01-23 23:04,0,1
1500,2,1,0,0,1521 san juan ave Victoria BC CA,48.486607,-123.336115,2018-01-23 23:29,0,1
1500,1,2,0,0,3985 Cobblehill BC CA,48.688354,-123.603062,2018-01-24 5:50,0,1
1300,2,2,0,0,2751 Raycroft Pl Victoria BC CA,48.452038,-123.507929,2018-01-24 6:32,0,1
750,0,0,0,1,,,,2018-01-24 8:29,0,1
1800,4,2,0,0,975 Falmouth victoria BC CA,48.461389,-123.365053,2018-01-25 4:26,0,0
4200,6,3,0,0,Larchwood Dr Victoria BC CA,48.471897,-123.325181,2018-01-25 4:52,0,0
1250,2,1,0,0,2300 Richmond Rd Victoria BC CA,48.432293,-123.329514,2018-01-25 4:48,0,1
1150,1,0,0,0,3849-3855 Cadboro Bay Rd Victoria BC CA,48.461579,-123.29596,2018-01-25 16:51,0,1
2000,3,1,0,0,3716-3710 Saanich Rd Victoria BC CA,48.458083,-123.368971,2018-01-25 17:37,0,1
3000,2,1,1,0,Leigh Place Langford BC CA,48.444654,-123.523398,2017-12-28 22:14,0,1
1250,0,1,0,0,michigan at douglas victoria BC CA,48.417415,-123.365807,2018-01-25 21:28,0,1
1875,2,1.5,0,0,425 Simcoe Victoria BC CA,48.415597,-123.375414,2017-12-29 19:10,0,1
1000,1,1,0,0,"1229 Pandora Ave Victoria, BC CA",48.426805,-123.348725,2018-01-25 22:16,0,1
2200,4,2,1,0,Agnes at Broadway Victoria BC CA,48.471528,-123.396252,2018-01-26 3:56,0,1
1900,3,1,0,0,3842 Carey Road Victoria BC CA,48.460913,-123.383053,2018-01-26 5:51,0,1
1400,2,1,0,0,"3662 Ophir Street, Victoria, BC, Canada",48.459554,-123.336168,2018-01-26 7:01,0,1
,,,,0,,,,2017-12-30 15:21,,1
2095,3,1,0,0,,,,2018-01-20 15:43,0,1
1600,0,0,0,0,Haida Dr. at Cairndale Victoria BC CA,48.422469,-123.505256,2018-01-25 3:40,0,1
4800,4,2,0,0,419-431 Luxton Ave Victoria BC CA,48.413916,-123.378671,2018-01-27 2:23,0,1
2300,3,1.5,1,0,4319 Tyndall Ave Victoria BC CA,48.481583,-123.322273,2018-01-27 11:33,0,1
2500,1,1,0,0,Waddington Alley at Johnson St Victoria BC CA,48.427764,-123.369419,2018-01-14 18:21,0,1
3250,5,6,0,0,Gabriola Island Gabriola BC CA,49.160772,-123.742876,2018-01-27 19:19,0,0
1790,1,1,0,0,499-521 Fort St Victoria BC CA,48.425062,-123.369309,2018-01-12 0:29,0,1
2800,4,3.5,1,0,culduthel road at douglas victoria BC CA,48.453998,-123.376251,2018-01-27 21:59,0,0
1300,1,1,0,0,,,,2017-12-29 7:12,0,1
2850,2,2,0,0,summerbreeze lane Langford BC CA,48.413711,-123.538597,2018-01-28 2:38,0,1
2000,2,2,0,0,3790 Saanich Rd Victoria BC CA,48.460471,-123.368964,2018-01-17 1:24,0,1
2795,3,3,1,0,6747-6815 Jedora Dr Brentwood Bay BC CA,48.565498,-123.463221,2018-01-28 6:22,0,1
1587,2,1,0,0,1714 Newton Street Victoria BC CA,48.439633,-123.32984,2018-01-02 4:32,0,1
1450,2,1.5,0,0,,,,2018-01-14 5:34,0,1
1700,2,1,0,0,957 Colbourne Gdns Victoria BC CA,48.43627,-123.524371,2018-01-28 21:58,0,1
1750,3,1,0,0,,,,2018-01-29 0:36,0,1
777,0,0,0,0,,,,2018-01-29 3:02,0,1
600,1,0,0,1,Sandell Place at Edgelow Victoria BC CA,48.472359,-123.310791,2018-01-29 4:41,0,1
2500,3,2,1,0,4450 Torquay Victoria BC CA,48.4891,-123.323483,2018-01-24 2:20,0,1
1875,2,1,0,0,"1701 Cedar Hill Cross Road Victoria Saanich, Victoria BC CA",48.459698,-123.328566,2018-01-12 19:05,0,1
1650,1,1,0,0,"1701 Cedar Hill Cross Road Victoria Saanich, Victoria BC CA",48.459698,-123.328566,2018-01-26 20:12,0,1
1300,1,1,0,0,133 gorge rd east victoria BC CA,48.442874,-123.385254,2018-01-02 23:58,0,1
1900,3,1,1,0,3828-3804 Saul St Victoria BC CA,48.461454,-123.361487,2018-01-13 22:32,0,0
1550,1,1,0,0,Palo Alto St Victoria BC CA,48.462308,-123.328872,2018-01-14 0:57,0,1
1700,1,1,0,0,"1701 Cedar Hill Cross Road Victoria Saanich, Victoria BC CA",48.459698,-123.328566,2018-01-24 17:51,0,1
2600,4,2,1,1,1739-1795 Triest Crescent Victoria BC CA,48.487876,-123.322035,2018-01-29 18:34,0,0
1850,2,1,0,0,"1701 Cedar Hill Cross Road Victoria Saanich, Victoria BC CA",48.459698,-123.328566,2018-01-15 22:56,0,1
1625,1,1,0,0,"1701 Cedar Hill Cross Road Victoria Saanich, Victoria BC CA",48.459698,-123.328566,2018-01-19 17:03,0,1
1350,2,1,0,0,841 Esquimalt Road Victoria BC CA,48.431566,-123.397436,2018-01-29 20:54,0,1
2300,3,2,0,0,Cedar Hill Rd Victoria BC CA,48.441994,-123.345079,2018-01-29 23:57,0,1
2800,4,2.5,1,0,Langford,,,2018-01-23 16:27,0,0
3250,2,2,1,0,Fairfield at Blanchard Victoria BC CA,48.421166,-123.36311,2018-01-30 0:22,0,0
2550,3,2.5,0,1,Florence Lake Road at McCallum Langford BC CA,48.454516,-123.507184,2018-01-30 2:35,0,1
2000,2,2,0,1,Alder St. at Tolmie Victoria BC CA,48.448451,-123.366578,2018-01-30 3:03,0,0
2000,2,1,0,0,4284 Glanford Ave Victoria BC CA,48.485866,-123.388385,2018-01-30 3:36,0,0
1400,1,1,0,0,,,,2018-01-15 21:35,0,1
1800,1,1,0,1,"804 Cormorant St, Victoria, BC CA",48.428895,-123.1,2018-01-30 5:13,0,0
2850,2,2.5,1,1,summer breeze lane LANGFORD BC CA,48.413711,-123.538618,2018-01-30 5:44,0,0
0,0,0,0,0,280 First Street Duncan B.C BC CA,48.780599,-123.712172,2018-01-30 6:11,0,1
1100,1,1,0,1,841 Esquimalt Road Victoria BC CA,48.431566,-123.397436,2018-01-30 17:49,0,0
1250,2,1,0,1,841 Esquimalt Road Victoria BC CA,48.431566,-123.397436,2018-01-30 17:49,0,0
1250,2,1,0,0,841 Esquimalt Road Victoria BC CA,48.431566,-123.397436,2018-01-30 17:51,0,0
1100,1,1,0,1,841 Esquimalt Road Victoria BC CA,48.431566,-123.397436,2018-01-30 17:51,0,1
1400,1,1,0,0,542 Riel Place Victoria BC CA,48.475209,-123.395903,2018-01-30 18:48,0,1
1875,2,1,0,0,"1701 Cedar Hill Cross Road Victoria Saanich, Victoria BC CA",48.459705,-123.328587,2018-01-30 18:56,0,1
1000,2,1,0,1,2356 Manhattan Pl Victoria BC CA,48.47019,-123.304496,2018-01-30 19:12,0,1
2200,2,2,1,0,827 Fairfield Rd Victoria BC CA,48.420543,-123.362346,2018-01-30 19:20,0,1
1145,1,1,0,0,3159 Shelbourne St Victoria BC CA,48.447056,-123.332803,2018-01-03 0:05,0,1
1495,1,1,0,0,505-591 Trutch St Victoria BC CA,48.418461,-123.353239,2018-01-30 19:57,0,1
1750,3,1,0,0,,,,2018-01-30 20:01,0,1
1100,3,1,0,0,1030 Government Street Duncan BC CA,48.786838,-123.718777,2018-01-30 21:22,0,1
1100,3,1,0,0,1031 Government Street Duncan BC CA,48.786838,-123.718777,2018-01-30 21:23,0,1
1100,3,1,0,0,1032 Government Street Duncan BC CA,48.786838,-123.718777,2018-01-30 21:30,0,1
1100,3,1,0,0,1033 Government Street Duncan BC CA,48.786838,-123.718777,2018-01-30 21:32,0,1
1100,3,1,0,0,1034 Government Street Duncan BC CA,48.786838,-123.718777,2018-01-30 21:41,0,1
700,1,1,0,1,1035 Government Street Duncan BC CA,48.786838,-123.718777,2018-01-30 21:31,0,1
4300,6,2.5,1,0,1725 Jefferson Ave Victoria BC CA,48.476927,-123.330552,2018-01-30 22:02,0,0
4200,6,2.5,1,0,1726 Jefferson Ave Victoria BC CA,48.476927,-123.330552,2018-01-30 22:00,0,0
1400,1,1,0,1,557 Simcoe St Victoria BC CA,48.414322,-123.372021,2018-01-02 21:49,0,1
1350,1,1,0,0,Yates at Fernwood Victoria BC CA,48.424552,-123.345492,2018-01-30 23:45,0,1
1600,3,2,0,0,,,,2018-01-31 0:52,0,0
3500,5,2,1,1,1790 Taylor St Victoria BC CA,48.443152,-123.327932,2018-01-31 1:01,0,1
1600,1,1,0,0,757 Tyee Rd Victoria BC CA,48.43391,-123.380687,2018-01-31 3:46,0,1
1380,1,1,0,0,deerview langford BC CA,48.472623,-123.522416,2018-01-21 1:44,0,1
4500,4,2,0,0,,,,2018-01-31 16:00,0,1
5000,5,6,1,0,1725 Texada Terr North Saanich BC CA,48.626781,-123.42615,2018-01-31 18:25,0,1
450,1,1,0,1,1752-1708 Llandaff Pl Victoria BC CA,48.482404,-123.325426,2018-01-31 20:32,0,0
1350,1,1,1,0,1166-1114 Rockland Ave Victoria BC CA,48.422053,-123.353591,2018-01-04 23:42,0,1
550,1,1,0,1,4395 Torquay Dr Victoria BC CA,48.485021,-123.325451,2018-01-31 23:02,0,0
2000,0,0,0,0,2403 Fernwood Rd Victoria BC CA,48.433651,-123.344878,2018-02-01 1:25,0,1
1495,1,1,1,0,Carnsew Victoria BC CA,48.417115,-123.34836,2018-02-01 2:08,0,1
1000,1,1,0,0,3084-3024 Carroll St Victoria BC CA,48.444996,-123.38271,2018-02-01 2:18,0,1
1400,2,1,0,0,4202 Quadra St Victoria BC CA,48.480836,-123.377903,2018-02-01 2:21,0,1
1000,1,1,0,0,3084-3024 Carroll St Victoria BC CA,48.444996,-123.38271,2018-02-01 3:14,0,1
1900,3,1,0,0,,,,2018-02-01 3:30,0,1
1975,2,1,1,0,May at Cook Victoria BC CA,48.412241,-123.357365,2018-02-01 4:10,0,1
2100,2,2,0,0,Pembroke at Vancouver Victoria BC CA,48.43211,-123.355566,2018-02-01 4:43,0,1
1500,2,1,0,0,Kami Court at West Burnside Road Victoria BC CA,48.466075,-123.444543,2018-01-03 3:06,0,1
2350,3,2,0,0,Pembroke at Vancouver Victoria BC CA,48.432103,-123.355556,2018-02-01 5:09,0,1
1500,2,1,0,0,1555 Westall Ave Victoria BC CA,48.444035,-123.340116,2018-02-01 5:15,0,1
1250,3,1,0,0,1998 Kaltasin Rd. Sooke BC CA,48.383262,-123.690248,2018-02-01 6:22,0,1
1550,2,1,0,0,6306 Old East Rd Victoria BC CA,48.552949,-123.390946,2018-02-01 6:34,0,1
3500,4,2,1,0,39 Linden Ave Victoria BC CA,48.408337,-123.353623,2018-02-01 7:23,0,1
2300,3,1,0,0,4159 Interurban Rd Victoria BC CA,48.478384,-123.410969,2018-02-01 7:29,0,1
625,1,1,0,1,"3576 Richmond Rd, Victoria, BC V8P 4P9, Canada",48.457259,-123.329151,2018-02-18 17:51,0,0
4000,3,1,0,1,"1669 Warren Gardens, Victoria, BC V8S 1S9, Canada",48.417825,-123.333908,2018-02-02 10:43,0,1